<?xml version="1.0" encoding="UTF-8"?>
<project-private xmlns="http://www.netbeans.org/ns/project-private/1">
    <editor-bookmarks xmlns="http://www.netbeans.org/ns/editor-bookmarks/2" lastBookmarkId="0"/>
    <open-files xmlns="http://www.netbeans.org/ns/projectui-open-files/2">
        <group>
            <file>file:/C:/xampp/htdocs/kinduct_challenge/application/config/config.php</file>
            <file>file:/C:/xampp/htdocs/kinduct_challenge/application/views/customers.php</file>
            <file>file:/C:/xampp/htdocs/kinduct_challenge/application/controllers/index.html</file>
            <file>file:/C:/xampp/htdocs/kinduct_challenge/readme.rst</file>
            <file>file:/C:/xampp/htdocs/kinduct_challenge/application/config/database.php</file>
            <file>file:/C:/xampp/htdocs/kinduct_challenge/application/models/Store.php</file>
            <file>file:/C:/xampp/htdocs/kinduct_challenge/application/config/autoload.php</file>
            <file>file:/C:/xampp/htdocs/kinduct_challenge/application/views/stores.php</file>
            <file>file:/C:/xampp/htdocs/kinduct_challenge/New%20Text%20Document.txt</file>
            <file>file:/C:/xampp/htdocs/kinduct_challenge/application/config/routes.php</file>
            <file>file:/C:/xampp/htdocs/kinduct_challenge/application/controllers/Stores.php</file>
        </group>
    </open-files>
</project-private>
